1549032615, 01/02/2019, 04:50:15, IGUA_001, igua-rfid, rfid_255255255255, 0, 0
1549046022, 01/02/2019, 08:33:43, IGUA_001, cash, 000000, 100, 2031
1549049938, 01/02/2019, 09:38:58, IGUA_001, cash, 000000, 100, 2057
1549050095, 01/02/2019, 09:41:35, IGUA_001, cash, 000000, 100, 2019
1549054206, 01/02/2019, 10:50:06, IGUA_001, cash, 000000, 50, 1010
1549054234, 01/02/2019, 10:50:34, IGUA_001, cash, 000000, 30, 616
1549055879, 01/02/2019, 11:17:59, IGUA_001, cash, 000000, 50, 1061
1549055894, 01/02/2019, 11:18:14, IGUA_001, cash, 000000, 10, 242
1549056012, 01/02/2019, 11:20:12, IGUA_001, cash, 000000, 50, 1033
1549056045, 01/02/2019, 11:20:45, IGUA_001, cash, 000000, 100, 2398
1549056097, 01/02/2019, 11:21:37, IGUA_001, cash, 000000, 30, 616
1549058366, 01/02/2019, 11:59:26, IGUA_001, cash, 000000, 50, 1015
1549058395, 01/02/2019, 11:59:55, IGUA_001, cash, 000000, 50, 1016
1549061537, 01/02/2019, 12:52:17, IGUA_001, cash, 000000, 100, 2017
1549061592, 01/02/2019, 12:53:12, IGUA_001, cash, 000000, 100, 2018
1549061638, 01/02/2019, 12:53:58, IGUA_001, cash, 000000, 50, 1014
1549061668, 01/02/2019, 12:54:28, IGUA_001, cash, 000000, 50, 1018
1549062157, 01/02/2019, 13:02:37, IGUA_001, cash, 000000, 200, 2095
1549062636, 01/02/2019, 13:10:36, IGUA_001, cash, 000000, 100, 2037
1549062812, 01/02/2019, 13:13:32, IGUA_001, cash, 000000, 10, 211
1549062821, 01/02/2019, 13:13:41, IGUA_001, cash, 000000, 10, 212
1549065117, 01/02/2019, 13:51:57, IGUA_001, cash, 000000, 50, 1027
1549065635, 01/02/2019, 14:00:35, IGUA_001, cash, 000000, 40, 832
1549066014, 01/02/2019, 14:06:54, IGUA_001, cash, 000000, 50, 1031
1549068497, 01/02/2019, 14:48:17, IGUA_001, cash, 000000, 50, 1017
1549068538, 01/02/2019, 14:48:58, IGUA_001, cash, 000000, 50, 1046
1549069674, 01/02/2019, 15:07:54, IGUA_001, cash, 000000, 20, 422
1549069686, 01/02/2019, 15:08:06, IGUA_001, cash, 000000, 10, 216
1549069727, 01/02/2019, 15:08:47, IGUA_001, cash, 000000, 20, 288
1549072737, 01/02/2019, 15:58:57, IGUA_001, cash, 000000, 100, 2026
1549073213, 01/02/2019, 16:06:53, IGUA_001, cash, 000000, 10, 217
1549073312, 01/02/2019, 16:08:32, IGUA_001, cash, 000000, 10, 215
1549074681, 01/02/2019, 16:31:21, IGUA_001, cash, 000000, 100, 2034
1549074821, 01/02/2019, 16:33:41, IGUA_001, cash, 000000, 50, 1106
1549075867, 01/02/2019, 16:51:07, IGUA_001, cash, 000000, 10, 227
1549076328, 01/02/2019, 16:58:48, IGUA_001, cash, 000000, 100, 2011
1549077021, 01/02/2019, 17:10:21, IGUA_001, cash, 000000, 50, 746
1549077705, 01/02/2019, 17:21:45, IGUA_001, cash, 000000, 10, 227
1549077770, 01/02/2019, 17:22:50, IGUA_001, cash, 000000, 10, 217
1549320199, 04/02/2019, 12:43:20, IGUA_001, cash, 000000, 10, 228
1549321214, 04/02/2019, 13:00:14, IGUA_001, cash, 000000, 10, 231
1549321808, 04/02/2019, 13:10:08, IGUA_001, cash, 000000, 10, 210
1549322530, 04/02/2019, 13:22:10, IGUA_001, cash, 000000, 100, 2016
1549322568, 04/02/2019, 13:22:48, IGUA_001, cash, 000000, 50, 1012
1549322612, 04/02/2019, 13:23:32, IGUA_001, cash, 000000, 10, 214
1549323537, 04/02/2019, 13:38:57, IGUA_001, cash, 000000, 10, 214
1549323595, 04/02/2019, 13:39:55, IGUA_001, cash, 000000, 10, 214
1549324542, 04/02/2019, 13:55:42, IGUA_001, cash, 000000, 20, 427
1549326507, 04/02/2019, 14:28:27, IGUA_001, cash, 000000, 100, 2011
1549327154, 04/02/2019, 14:39:14, IGUA_001, cash, 000000, 20, 416
1549327194, 04/02/2019, 14:39:54, IGUA_001, cash, 000000, 30, 616
1549328157, 04/02/2019, 14:55:57, IGUA_001, cash, 000000, 50, 1016
1549331280, 04/02/2019, 15:48:00, IGUA_001, cash, 000000, 50, 1031
1549331306, 04/02/2019, 15:48:26, IGUA_001, cash, 000000, 50, 1018
1549331536, 04/02/2019, 15:52:16, IGUA_001, cash, 000000, 50, 1033
1549332339, 04/02/2019, 16:05:39, IGUA_001, cash, 000000, 20, 419
1549340750, 04/02/2019, 18:25:50, IGUA_001, cash, 000000, 100, 2019
1549390627, 05/02/2019, 08:17:07, IGUA_001, cash, 000000, 50, 1016
1549390685, 05/02/2019, 08:18:05, IGUA_001, cash, 000000, 50, 1014
1549390899, 05/02/2019, 08:21:39, IGUA_001, cash, 000000, 100, 1335
1549391081, 05/02/2019, 08:24:41, IGUA_001, cash, 000000, 20, 426
1549391811, 05/02/2019, 08:36:51, IGUA_001, cash, 000000, 50, 1018
1549396365, 05/02/2019, 09:52:45, IGUA_001, cash, 000000, 50, 1017
1549398057, 05/02/2019, 10:20:57, IGUA_001, cash, 000000, 50, 1016
1549398114, 05/02/2019, 10:21:54, IGUA_001, cash, 000000, 50, 635
1549398841, 05/02/2019, 10:34:01, IGUA_001, cash, 000000, 100, 2031
1549398944, 05/02/2019, 10:35:44, IGUA_001, cash, 000000, 50, 2049
1549399017, 05/02/2019, 10:36:57, IGUA_001, cash, 000000, 50, 1028
1549399659, 05/02/2019, 10:47:39, IGUA_001, cash, 000000, 100, 2011
1549400741, 05/02/2019, 11:05:41, IGUA_001, cash, 000000, 100, 2030
1549400775, 05/02/2019, 11:06:15, IGUA_001, cash, 000000, 50, 1012
1549406407, 05/02/2019, 12:40:07, IGUA_001, cash, 000000, 30, 617
1549408042, 05/02/2019, 13:07:22, IGUA_001, cash, 000000, 50, 1012
1549408083, 05/02/2019, 13:08:03, IGUA_001, cash, 000000, 50, 1010
1549408125, 05/02/2019, 13:08:45, IGUA_001, cash, 000000, 50, 1029
1549408554, 05/02/2019, 13:15:54, IGUA_001, cash, 000000, 50, 1017
1549410655, 05/02/2019, 13:50:55, IGUA_001, cash, 000000, 50, 1011
1549411004, 05/02/2019, 13:56:44, IGUA_001, cash, 000000, 50, 1010
1549411038, 05/02/2019, 13:57:18, IGUA_001, cash, 000000, 50, 1016
1549412499, 05/02/2019, 14:21:39, IGUA_001, cash, 000000, 20, 412
1549412520, 05/02/2019, 14:22:00, IGUA_001, cash, 000000, 20, 412
1549412828, 05/02/2019, 14:27:08, IGUA_001, cash, 000000, 50, 1014
1549413188, 05/02/2019, 14:33:08, IGUA_001, cash, 000000, 50, 1012
1549413386, 05/02/2019, 14:36:26, IGUA_001, cash, 000000, 20, 428
1549413400, 05/02/2019, 14:36:40, IGUA_001, cash, 000000, 20, 410
1549414112, 05/02/2019, 14:48:32, IGUA_001, cash, 000000, 10, 213
1549414122, 05/02/2019, 14:48:42, IGUA_001, cash, 000000, 10, 217
1549420030, 05/02/2019, 16:27:10, IGUA_001, cash, 000000, 100, 2013
1549424734, 05/02/2019, 17:45:34, IGUA_001, cash, 000000, 20, 420
1549424747, 05/02/2019, 17:45:47, IGUA_001, cash, 000000, 20, 414
1549424759, 05/02/2019, 17:45:59, IGUA_001, cash, 000000, 20, 417
1549424779, 05/02/2019, 17:46:19, IGUA_001, cash, 000000, 20, 412
1549424788, 05/02/2019, 17:46:28, IGUA_001, cash, 000000, 10, 211
1549424820, 05/02/2019, 17:47:00, IGUA_001, cash, 000000, 10, 218
1549426816, 05/02/2019, 18:20:16, IGUA_001, cash, 000000, 50, 1015
1549426861, 05/02/2019, 18:21:01, IGUA_001, cash, 000000, 100, 2014
1549480964, 06/02/2019, 09:22:44, IGUA_001, cash, 000000, 100, 2015
1549481060, 06/02/2019, 09:24:20, IGUA_001, cash, 000000, 100, 2016
1549481115, 06/02/2019, 09:25:15, IGUA_001, cash, 000000, 100, 2017
1549481145, 06/02/2019, 09:25:45, IGUA_001, cash, 000000, 50, 1011
1549481574, 06/02/2019, 09:32:54, IGUA_001, cash, 000000, 100, 2011
1549484442, 06/02/2019, 10:20:42, IGUA_001, cash, 000000, 10, 213
1549484468, 06/02/2019, 10:21:08, IGUA_001, cash, 000000, 10, 212
1549485994, 06/02/2019, 10:46:34, IGUA_001, cash, 000000, 100, 1809
1549487458, 06/02/2019, 11:10:58, IGUA_001, cash, 000000, 50, 1029
1549487468, 06/02/2019, 11:11:08, IGUA_001, cash, 000000, 10, 212
1549487488, 06/02/2019, 11:11:28, IGUA_001, cash, 000000, 20, 414
1549488130, 06/02/2019, 11:22:10, IGUA_001, cash, 000000, 50, 1016
1549488164, 06/02/2019, 11:22:44, IGUA_001, cash, 000000, 50, 1015
1549489661, 06/02/2019, 11:47:41, IGUA_001, cash, 000000, 30, 618
1549492879, 06/02/2019, 12:41:19, IGUA_001, cash, 000000, 100, 2030
1549497628, 06/02/2019, 14:00:28, IGUA_001, cash, 000000, 100, 2017
1549498102, 06/02/2019, 14:08:22, IGUA_001, cash, 000000, 50, 1031
1549498201, 06/02/2019, 14:10:01, IGUA_001, cash, 000000, 100, 2015
1549498213, 06/02/2019, 14:10:13, IGUA_001, cash, 000000, 10, 217
1549498241, 06/02/2019, 14:10:41, IGUA_001, cash, 000000, 50, 1066
1549500767, 06/02/2019, 14:52:47, IGUA_001, cash, 000000, 20, 432
1549501584, 06/02/2019, 15:06:24, IGUA_001, cash, 000000, 100, 2016
1549501896, 06/02/2019, 15:11:36, IGUA_001, cash, 000000, 40, 812
1549505378, 06/02/2019, 16:09:38, IGUA_001, cash, 000000, 10, 210
1549505906, 06/02/2019, 16:18:26, IGUA_001, cash, 000000, 50, 1025
1549508520, 06/02/2019, 17:02:00, IGUA_001, cash, 000000, 50, 1019
1549566910, 07/02/2019, 09:15:10, IGUA_001, cash, 000000, 100, 2016
1549567851, 07/02/2019, 09:30:51, IGUA_001, cash, 000000, 100, 2013
1549569011, 07/02/2019, 09:50:11, IGUA_001, cash, 000000, 50, 1030
1549570089, 07/02/2019, 10:08:09, IGUA_001, cash, 000000, 10, 218
1549570099, 07/02/2019, 10:08:19, IGUA_001, cash, 000000, 10, 216
1549570925, 07/02/2019, 10:22:05, IGUA_001, cash, 000000, 100, 2012
1549570978, 07/02/2019, 10:22:58, IGUA_001, cash, 000000, 100, 2135
1549571009, 07/02/2019, 10:23:29, IGUA_001, cash, 000000, 50, 1028
1549571398, 07/02/2019, 10:29:58, IGUA_001, cash, 000000, 100, 2018
1549573634, 07/02/2019, 11:07:14, IGUA_001, cash, 000000, 150, 3018
1549574763, 07/02/2019, 11:26:03, IGUA_001, cash, 000000, 150, 2206
1549575609, 07/02/2019, 11:40:09, IGUA_001, cash, 000000, 50, 1025
1549577342, 07/02/2019, 12:09:02, IGUA_001, cash, 000000, 100, 2010
1549577394, 07/02/2019, 12:09:54, IGUA_001, cash, 000000, 100, 2017
1549577424, 07/02/2019, 12:10:24, IGUA_001, cash, 000000, 50, 1011
1549577454, 07/02/2019, 12:10:54, IGUA_001, cash, 000000, 50, 1013
1549577483, 07/02/2019, 12:11:23, IGUA_001, cash, 000000, 50, 1014
1549578500, 07/02/2019, 12:28:20, IGUA_001, cash, 000000, 50, 1011
1549581359, 07/02/2019, 13:15:59, IGUA_001, cash, 000000, 30, 611
1549584989, 07/02/2019, 14:16:29, IGUA_001, cash, 000000, 100, 2063
1549585129, 07/02/2019, 14:18:49, IGUA_001, cash, 000000, 50, 1038
1549585706, 07/02/2019, 14:28:26, IGUA_001, cash, 000000, 100, 2027
1549585770, 07/02/2019, 14:29:30, IGUA_001, cash, 000000, 100, 2016
1549588003, 07/02/2019, 15:06:43, IGUA_001, cash, 000000, 10, 216
1549588013, 07/02/2019, 15:06:53, IGUA_001, cash, 000000, 10, 219
1549588032, 07/02/2019, 15:07:12, IGUA_001, cash, 000000, 10, 211
1549588044, 07/02/2019, 15:07:24, IGUA_001, cash, 000000, 10, 216
1549588954, 07/02/2019, 15:22:34, IGUA_001, cash, 000000, 100, 2011
1549590642, 07/02/2019, 15:50:42, IGUA_001, cash, 000000, 100, 2016
1549591321, 07/02/2019, 16:02:01, IGUA_001, cash, 000000, 50, 1029
1549594224, 07/02/2019, 16:50:24, IGUA_001, cash, 000000, 50, 1011
1549594254, 07/02/2019, 16:50:54, IGUA_001, cash, 000000, 50, 1013
1549594337, 07/02/2019, 16:52:17, IGUA_001, cash, 000000, 100, 2043
1549594387, 07/02/2019, 16:53:07, IGUA_001, cash, 000000, 50, 1043
1549594412, 07/02/2019, 16:53:32, IGUA_001, cash, 000000, 50, 1026
1549594453, 07/02/2019, 16:54:13, IGUA_001, cash, 000000, 50, 1016
1549596185, 07/02/2019, 17:23:05, IGUA_001, cash, 000000, 10, 231
1549596199, 07/02/2019, 17:23:19, IGUA_001, cash, 000000, 20, 418
1549596212, 07/02/2019, 17:23:32, IGUA_001, cash, 000000, 20, 415
1549598422, 07/02/2019, 18:00:22, IGUA_001, cash, 000000, 50, 1017
1549655578, 08/02/2019, 09:52:58, IGUA_001, cash, 000000, 10, 216
1549656816, 08/02/2019, 10:13:36, IGUA_001, cash, 000000, 100, 2013
1549657132, 08/02/2019, 10:18:52, IGUA_001, cash, 000000, 100, 2190
1549657243, 08/02/2019, 10:20:43, IGUA_001, cash, 000000, 20, 430
1549657270, 08/02/2019, 10:21:10, IGUA_001, cash, 000000, 10, 216
1549657285, 08/02/2019, 10:21:25, IGUA_001, cash, 000000, 10, 216
1549658460, 08/02/2019, 10:41:00, IGUA_001, cash, 000000, 20, 416
1549658470, 08/02/2019, 10:41:10, IGUA_001, cash, 000000, 10, 211
1549658715, 08/02/2019, 10:45:15, IGUA_001, cash, 000000, 20, 415
1549658740, 08/02/2019, 10:45:40, IGUA_001, cash, 000000, 20, 428
1549658761, 08/02/2019, 10:46:01, IGUA_001, cash, 000000, 10, 217
1549658771, 08/02/2019, 10:46:11, IGUA_001, cash, 000000, 10, 216
1549659300, 08/02/2019, 10:55:00, IGUA_001, cash, 000000, 100, 1077
1549659985, 08/02/2019, 11:06:25, IGUA_001, cash, 000000, 50, 1028
1549662798, 08/02/2019, 11:53:18, IGUA_001, cash, 000000, 100, 2013
1549662837, 08/02/2019, 11:53:57, IGUA_001, cash, 000000, 50, 1011
1549663419, 08/02/2019, 12:03:39, IGUA_001, cash, 000000, 100, 2013
1549668532, 08/02/2019, 13:28:52, IGUA_001, cash, 000000, 200, 377
1549677491, 08/02/2019, 15:58:11, IGUA_001, cash, 000000, 100, 2136
1549677533, 08/02/2019, 15:58:53, IGUA_001, cash, 000000, 50, 1060
1549679853, 08/02/2019, 16:37:33, IGUA_001, cash, 000000, 10, 219
1549683419, 08/02/2019, 17:36:59, IGUA_001, cash, 000000, 50, 1014
1549684125, 08/02/2019, 17:48:45, IGUA_001, cash, 000000, 20, 426
1549684134, 08/02/2019, 17:48:54, IGUA_001, cash, 000000, 10, 215
1549685653, 08/02/2019, 18:14:13, IGUA_001, cash, 000000, 100, 2016
1549685682, 08/02/2019, 18:14:42, IGUA_001, cash, 000000, 50, 1012
1549688868, 08/02/2019, 19:07:48, IGUA_001, cash, 000000, 100, 2030
1549734317, 09/02/2019, 07:45:17, IGUA_001, cash, 000000, 10, 230
1549738312, 09/02/2019, 08:51:52, IGUA_001, cash, 000000, 50, 1010
1549738353, 09/02/2019, 08:52:33, IGUA_001, cash, 000000, 50, 1013
1549738395, 09/02/2019, 08:53:15, IGUA_001, cash, 000000, 50, 1011
1549738440, 09/02/2019, 08:54:00, IGUA_001, cash, 000000, 50, 1012
1549738485, 09/02/2019, 08:54:45, IGUA_001, cash, 000000, 50, 1017
1549738527, 09/02/2019, 08:55:27, IGUA_001, cash, 000000, 50, 1013
1549738554, 09/02/2019, 08:55:54, IGUA_001, cash, 000000, 20, 415
1549738634, 09/02/2019, 08:57:14, IGUA_001, cash, 000000, 50, 1014
1549738678, 09/02/2019, 08:57:58, IGUA_001, cash, 000000, 50, 1018
1549738714, 09/02/2019, 08:58:34, IGUA_001, cash, 000000, 50, 1010
1549738752, 09/02/2019, 08:59:12, IGUA_001, cash, 000000, 50, 1013
1549738791, 09/02/2019, 08:59:51, IGUA_001, cash, 000000, 50, 1029
1549738825, 09/02/2019, 09:00:25, IGUA_001, cash, 000000, 50, 1015
1549738866, 09/02/2019, 09:01:06, IGUA_001, cash, 000000, 50, 1017
1549740102, 09/02/2019, 09:21:42, IGUA_001, cash, 000000, 20, 411
1549742068, 09/02/2019, 09:54:28, IGUA_001, cash, 000000, 10, 215
1549742078, 09/02/2019, 09:54:38, IGUA_001, cash, 000000, 10, 217
1549746188, 09/02/2019, 11:03:08, IGUA_001, cash, 000000, 100, 2010
1549746883, 09/02/2019, 11:14:43, IGUA_001, cash, 000000, 100, 2015
1549746922, 09/02/2019, 11:15:22, IGUA_001, cash, 000000, 50, 1021
1549747500, 09/02/2019, 11:25:00, IGUA_001, cash, 000000, 50, 1027
1549749761, 09/02/2019, 12:02:41, IGUA_001, cash, 000000, 50, 1026
1549749819, 09/02/2019, 12:03:39, IGUA_001, cash, 000000, 100, 2014
1549750901, 09/02/2019, 12:21:41, IGUA_001, cash, 000000, 50, 810
1549751089, 09/02/2019, 12:24:49, IGUA_001, cash, 000000, 50, 1028
1549751117, 09/02/2019, 12:25:17, IGUA_001, cash, 000000, 50, 1016
1549754145, 09/02/2019, 13:15:45, IGUA_001, cash, 000000, 100, 2018
1549754684, 09/02/2019, 13:24:44, IGUA_001, cash, 000000, 10, 236
1549754765, 09/02/2019, 13:26:05, IGUA_001, cash, 000000, 10, 248
1549756100, 09/02/2019, 13:48:20, IGUA_001, cash, 000000, 50, 1033
1549757052, 09/02/2019, 14:04:12, IGUA_001, cash, 000000, 50, 1015
1549757331, 09/02/2019, 14:08:51, IGUA_001, cash, 000000, 50, 1042
1549757636, 09/02/2019, 14:13:56, IGUA_001, cash, 000000, 100, 2228
1549759446, 09/02/2019, 14:44:06, IGUA_001, cash, 000000, 20, 410
1549762786, 09/02/2019, 15:39:46, IGUA_001, cash, 000000, 20, 415
1549767524, 09/02/2019, 16:58:44, IGUA_001, cash, 000000, 50, 1018
1549767555, 09/02/2019, 16:59:15, IGUA_001, cash, 000000, 50, 1019
1549769174, 09/02/2019, 17:26:14, IGUA_001, cash, 000000, 10, 247
1549770110, 09/02/2019, 17:41:50, IGUA_001, cash, 000000, 50, 1013
1549772038, 09/02/2019, 18:13:58, IGUA_001, cash, 000000, 50, 1010
1549772076, 09/02/2019, 18:14:36, IGUA_001, cash, 000000, 50, 1020
1549772126, 09/02/2019, 18:15:26, IGUA_001, cash, 000000, 30, 615
1549774510, 09/02/2019, 18:55:10, IGUA_001, cash, 000000, 100, 2019
1549825820, 10/02/2019, 09:10:20, IGUA_001, cash, 000000, 50, 1015
1549825845, 10/02/2019, 09:10:45, IGUA_001, cash, 000000, 30, 616
1549825859, 10/02/2019, 09:10:59, IGUA_001, cash, 000000, 10, 214
1549828591, 10/02/2019, 09:56:31, IGUA_001, cash, 000000, 50, 1041
1549829911, 10/02/2019, 10:18:31, IGUA_001, cash, 000000, 100, 2018
1549830775, 10/02/2019, 10:32:55, IGUA_001, cash, 000000, 100, 2028
1549835634, 10/02/2019, 11:53:54, IGUA_001, cash, 000000, 100, 2027
1549837133, 10/02/2019, 12:18:53, IGUA_001, cash, 000000, 100, 2011
1549837205, 10/02/2019, 12:20:05, IGUA_001, cash, 000000, 100, 2016
1549840060, 10/02/2019, 13:07:40, IGUA_001, cash, 000000, 10, 216
1549840072, 10/02/2019, 13:07:52, IGUA_001, cash, 000000, 10, 215
1549840080, 10/02/2019, 13:08:00, IGUA_001, cash, 000000, 10, 232
1549841198, 10/02/2019, 13:26:38, IGUA_001, cash, 000000, 60, 1232
1549842520, 10/02/2019, 13:48:40, IGUA_001, cash, 000000, 50, 1017
1549843972, 10/02/2019, 14:12:52, IGUA_001, cash, 000000, 50, 1014
1549845494, 10/02/2019, 14:38:14, IGUA_001, cash, 000000, 100, 2010
1549846137, 10/02/2019, 14:48:57, IGUA_001, cash, 000000, 100, 2019
1549846171, 10/02/2019, 14:49:31, IGUA_001, cash, 000000, 20, 432
1549846312, 10/02/2019, 14:51:52, IGUA_001, cash, 000000, 40, 846
1549846393, 10/02/2019, 14:53:13, IGUA_001, cash, 000000, 10, 231
1549846413, 10/02/2019, 14:53:33, IGUA_001, cash, 000000, 10, 211
1549846496, 10/02/2019, 14:54:56, IGUA_001, cash, 000000, 10, 212
1549847355, 10/02/2019, 15:09:15, IGUA_001, cash, 000000, 100, 2026
1549847378, 10/02/2019, 15:09:38, IGUA_001, cash, 000000, 10, 231
1549847431, 10/02/2019, 15:10:31, IGUA_001, cash, 000000, 100, 2019
1549847479, 10/02/2019, 15:11:19, IGUA_001, cash, 000000, 100, 2015
1549847531, 10/02/2019, 15:12:11, IGUA_001, cash, 000000, 100, 2017
1549847593, 10/02/2019, 15:13:13, IGUA_001, cash, 000000, 100, 2012
1549847653, 10/02/2019, 15:14:13, IGUA_001, cash, 000000, 100, 2017
1549848040, 10/02/2019, 15:20:40, IGUA_001, cash, 000000, 100, 2015
1549848101, 10/02/2019, 15:21:41, IGUA_001, cash, 000000, 100, 2011
1549848159, 10/02/2019, 15:22:39, IGUA_001, cash, 000000, 50, 1031
1549848774, 10/02/2019, 15:32:54, IGUA_001, cash, 000000, 50, 1012
1549848808, 10/02/2019, 15:33:28, IGUA_001, cash, 000000, 50, 1018
1549850868, 10/02/2019, 16:07:48, IGUA_001, cash, 000000, 20, 411
1549851208, 10/02/2019, 16:13:28, IGUA_001, cash, 000000, 100, 2015
1549856155, 10/02/2019, 17:35:55, IGUA_001, cash, 000000, 100, 2014
1549856182, 10/02/2019, 17:36:22, IGUA_001, cash, 000000, 20, 411
1549860071, 10/02/2019, 18:41:11, IGUA_001, cash, 000000, 50, 1012
1549860319, 10/02/2019, 18:45:19, IGUA_001, cash, 000000, 50, 1020
1549862704, 10/02/2019, 19:25:04, IGUA_001, cash, 000000, 100, 1991
1549991301, 12/02/2019, 07:08:21, IGUA_001, cash, 000000, 2270, 0
1549995334, 12/02/2019, 08:15:34, IGUA_001, cash, 000000, 100, 2026
1549995367, 12/02/2019, 08:16:07, IGUA_001, cash, 000000, 50, 1031
1549995416, 12/02/2019, 08:16:56, IGUA_001, cash, 000000, 100, 2011
1549996216, 12/02/2019, 08:30:16, IGUA_001, cash, 000000, 100, 2014
1549996244, 12/02/2019, 08:30:44, IGUA_001, cash, 000000, 50, 1016
1549996489, 12/02/2019, 08:34:49, IGUA_001, cash, 000000, 50, 1012
1549999915, 12/02/2019, 09:31:55, IGUA_001, cash, 000000, 150, 2641
1550000799, 12/02/2019, 09:46:39, IGUA_001, cash, 000000, 150, 3025
1550000948, 12/02/2019, 09:49:08, IGUA_001, cash, 000000, 100, 2011
1550007064, 12/02/2019, 11:31:04, IGUA_001, cash, 000000, 10, 228
1550007075, 12/02/2019, 11:31:15, IGUA_001, cash, 000000, 10, 216
1550007099, 12/02/2019, 11:31:39, IGUA_001, cash, 000000, 10, 215
1550007159, 12/02/2019, 11:32:39, IGUA_001, cash, 000000, 20, 416
1550007178, 12/02/2019, 11:32:58, IGUA_001, cash, 000000, 10, 211
1550007271, 12/02/2019, 11:34:31, IGUA_001, cash, 000000, 100, 2026
1550011735, 12/02/2019, 12:48:55, IGUA_001, cash, 000000, 100, 2013
1550013337, 12/02/2019, 13:15:37, IGUA_001, cash, 000000, 100, 2031
1550015838, 12/02/2019, 13:57:18, IGUA_001, cash, 000000, 10, 216
1550016019, 12/02/2019, 14:00:19, IGUA_001, cash, 000000, 20, 418
1550016032, 12/02/2019, 14:00:32, IGUA_001, cash, 000000, 20, 410
1550016267, 12/02/2019, 14:04:27, IGUA_001, cash, 000000, 50, 1013
1550016980, 12/02/2019, 14:16:20, IGUA_001, cash, 000000, 10, 215
1550016989, 12/02/2019, 14:16:29, IGUA_001, cash, 000000, 10, 213
1550019288, 12/02/2019, 14:54:48, IGUA_001, cash, 000000, 10, 239
1550020494, 12/02/2019, 15:14:54, IGUA_001, cash, 000000, 50, 1028
1550020797, 12/02/2019, 15:19:57, IGUA_001, cash, 000000, 100, 2020
1550022652, 12/02/2019, 15:50:52, IGUA_001, cash, 000000, 50, 1016
1550024680, 12/02/2019, 16:24:40, IGUA_001, cash, 000000, 30, 629
1550027116, 12/02/2019, 17:05:16, IGUA_001, cash, 000000, 20, 411
1550027904, 12/02/2019, 17:18:24, IGUA_001, cash, 000000, 50, 1025
1550030994, 12/02/2019, 18:09:54, IGUA_001, cash, 000000, 40, 813
1550031119, 12/02/2019, 18:11:59, IGUA_001, cash, 000000, 50, 1013
1550031478, 12/02/2019, 18:17:58, IGUA_001, cash, 000000, 10, 232
1550084546, 13/02/2019, 09:02:26, IGUA_001, cash, 000000, 100, 2018
1550085038, 13/02/2019, 09:10:38, IGUA_001, cash, 000000, 100, 2015
1550085076, 13/02/2019, 09:11:16, IGUA_001, cash, 000000, 50, 1018
1550088238, 13/02/2019, 10:03:58, IGUA_001, cash, 000000, 100, 2013
1550089752, 13/02/2019, 10:29:12, IGUA_001, cash, 000000, 150, 3014
1550092113, 13/02/2019, 11:08:33, IGUA_001, cash, 000000, 10, 252
1550092701, 13/02/2019, 11:18:21, IGUA_001, cash, 000000, 50, 1026
1550096278, 13/02/2019, 12:17:58, IGUA_001, cash, 000000, 100, 2030
1550097883, 13/02/2019, 12:44:43, IGUA_001, cash, 000000, 50, 1018
1550098171, 13/02/2019, 12:49:31, IGUA_001, cash, 000000, 200, 2242
1550100396, 13/02/2019, 13:26:36, IGUA_001, cash, 000000, 10, 229
1550101023, 13/02/2019, 13:37:03, IGUA_001, cash, 000000, 50, 1012
1550106957, 13/02/2019, 15:15:57, IGUA_001, cash, 000000, 100, 2014
1550106991, 13/02/2019, 15:16:31, IGUA_001, cash, 000000, 10, 218
1550108244, 13/02/2019, 15:37:24, IGUA_001, cash, 000000, 10, 210
1550109301, 13/02/2019, 15:55:01, IGUA_001, cash, 000000, 100, 2015
1550110011, 13/02/2019, 16:06:51, IGUA_001, cash, 000000, 50, 1019
1550110050, 13/02/2019, 16:07:30, IGUA_001, cash, 000000, 50, 1012
1550113633, 13/02/2019, 17:07:13, IGUA_001, cash, 000000, 10, 214
1550113640, 13/02/2019, 17:07:20, IGUA_001, cash, 000000, 10, 215
1550116603, 13/02/2019, 17:56:43, IGUA_001, cash, 000000, 50, 1013
1550116630, 13/02/2019, 17:57:10, IGUA_001, cash, 000000, 40, 815
1550116667, 13/02/2019, 17:57:47, IGUA_001, cash, 000000, 50, 1032
1550120818, 13/02/2019, 19:06:58, IGUA_001, cash, 000000, 100, 2025
1550168181, 14/02/2019, 08:16:21, IGUA_001, cash, 000000, 10, 225
1550169438, 14/02/2019, 08:37:18, IGUA_001, cash, 000000, 100, 2048
1550175678, 14/02/2019, 10:21:18, IGUA_001, cash, 000000, 100, 2032
1550175728, 14/02/2019, 10:22:08, IGUA_001, cash, 000000, 50, 592
1550175987, 14/02/2019, 10:26:27, IGUA_001, cash, 000000, 100, 2025
1550176041, 14/02/2019, 10:27:21, IGUA_001, cash, 000000, 100, 2010
1550176102, 14/02/2019, 10:28:22, IGUA_001, cash, 000000, 100, 2017
1550176135, 14/02/2019, 10:28:55, IGUA_001, cash, 000000, 50, 1014
1550176224, 14/02/2019, 10:30:24, IGUA_001, cash, 000000, 20, 412
1550179405, 14/02/2019, 11:23:25, IGUA_001, cash, 000000, 20, 431
1550179656, 14/02/2019, 11:27:36, IGUA_001, cash, 000000, 10, 215
1550179667, 14/02/2019, 11:27:47, IGUA_001, cash, 000000, 10, 215
1550179682, 14/02/2019, 11:28:02, IGUA_001, cash, 000000, 10, 217
1550181295, 14/02/2019, 11:54:55, IGUA_001, cash, 000000, 10, 216
1550181636, 14/02/2019, 12:00:36, IGUA_001, cash, 000000, 20, 412
1550183583, 14/02/2019, 12:33:03, IGUA_001, cash, 000000, 100, 2027
1550183898, 14/02/2019, 12:38:18, IGUA_001, cash, 000000, 50, 1077
1550184062, 14/02/2019, 12:41:02, IGUA_001, cash, 000000, 50, 1017
1550184151, 14/02/2019, 12:42:31, IGUA_001, cash, 000000, 100, 2011
1550184455, 14/02/2019, 12:47:35, IGUA_001, cash, 000000, 50, 692
1550185239, 14/02/2019, 13:00:39, IGUA_001, cash, 000000, 10, 221
1550185429, 14/02/2019, 13:03:49, IGUA_001, cash, 000000, 20, 429
1550187290, 14/02/2019, 13:34:50, IGUA_001, cash, 000000, 50, 1018
1550187301, 14/02/2019, 13:35:01, IGUA_001, cash, 000000, 10, 213
1550188067, 14/02/2019, 13:47:47, IGUA_001, cash, 000000, 10, 211
1550188078, 14/02/2019, 13:47:58, IGUA_001, cash, 000000, 10, 215
1550188408, 14/02/2019, 13:53:28, IGUA_001, cash, 000000, 100, 2031
1550188538, 14/02/2019, 13:55:38, IGUA_001, cash, 000000, 100, 2011
1550189229, 14/02/2019, 14:07:09, IGUA_001, cash, 000000, 10, 213
1550189419, 14/02/2019, 14:10:19, IGUA_001, cash, 000000, 50, 1011
1550190170, 14/02/2019, 14:22:50, IGUA_001, cash, 000000, 100, 2017
1550190205, 14/02/2019, 14:23:25, IGUA_001, cash, 000000, 50, 1015
1550190380, 14/02/2019, 14:26:20, IGUA_001, cash, 000000, 10, 244
1550191065, 14/02/2019, 14:37:45, IGUA_001, cash, 000000, 100, 2029
1550191223, 14/02/2019, 14:40:23, IGUA_001, cash, 000000, 200, 1983
1550193843, 14/02/2019, 15:24:03, IGUA_001, cash, 000000, 100, 2026
1550193926, 14/02/2019, 15:25:26, IGUA_001, cash, 000000, 10, 212
1550193940, 14/02/2019, 15:25:40, IGUA_001, cash, 000000, 20, 418
1550195744, 14/02/2019, 15:55:44, IGUA_001, cash, 000000, 100, 2012
1550199557, 14/02/2019, 16:59:17, IGUA_001, cash, 000000, 100, 2011
1550199594, 14/02/2019, 16:59:54, IGUA_001, cash, 000000, 50, 1013
1550199730, 14/02/2019, 17:02:10, IGUA_001, cash, 000000, 100, 2012
1550202452, 14/02/2019, 17:47:32, IGUA_001, cash, 000000, 10, 215
1550253698, 15/02/2019, 08:01:38, IGUA_001, cash, 000000, 10, 216
1550261867, 15/02/2019, 10:17:47, IGUA_001, cash, 000000, 50, 1018
1550262015, 15/02/2019, 10:20:15, IGUA_001, cash, 000000, 20, 415
1550262028, 15/02/2019, 10:20:28, IGUA_001, cash, 000000, 10, 216
1550262504, 15/02/2019, 10:28:24, IGUA_001, cash, 000000, 100, 2015
1550262529, 15/02/2019, 10:28:49, IGUA_001, cash, 000000, 20, 413
1550262662, 15/02/2019, 10:31:02, IGUA_001, cash, 000000, 10, 214
1550263049, 15/02/2019, 10:37:29, IGUA_001, cash, 000000, 10, 211
1550263075, 15/02/2019, 10:37:55, IGUA_001, cash, 000000, 10, 216
1550263744, 15/02/2019, 10:49:04, IGUA_001, cash, 000000, 20, 411
1550264080, 15/02/2019, 10:54:40, IGUA_001, cash, 000000, 30, 640
1550265697, 15/02/2019, 11:21:37, IGUA_001, cash, 000000, 10, 212
1550266919, 15/02/2019, 11:41:59, IGUA_001, cash, 000000, 100, 2028
1550266961, 15/02/2019, 11:42:41, IGUA_001, cash, 000000, 50, 1017
1550268218, 15/02/2019, 12:03:38, IGUA_001, cash, 000000, 100, 2026
1550268258, 15/02/2019, 12:04:18, IGUA_001, cash, 000000, 50, 1032
1550269362, 15/02/2019, 12:22:42, IGUA_001, cash, 000000, 100, 2016
1550269381, 15/02/2019, 12:23:01, IGUA_001, cash, 000000, 20, 432
1550269870, 15/02/2019, 12:31:10, IGUA_001, cash, 000000, 50, 1029
1550269886, 15/02/2019, 12:31:26, IGUA_001, cash, 000000, 10, 216
1550275910, 15/02/2019, 14:11:50, IGUA_001, cash, 000000, 100, 2026
1550277250, 15/02/2019, 14:34:10, IGUA_001, cash, 000000, 200, 131
1550277517, 15/02/2019, 14:38:37, IGUA_001, cash, 000000, 20, 234
1550277625, 15/02/2019, 14:40:25, IGUA_001, cash, 000000, 50, 1030
1550277742, 15/02/2019, 14:42:22, IGUA_001, cash, 000000, 100, 2013
1550277791, 15/02/2019, 14:43:11, IGUA_001, cash, 000000, 100, 2015
1550277845, 15/02/2019, 14:44:05, IGUA_001, cash, 000000, 100, 2030
1550277876, 15/02/2019, 14:44:36, IGUA_001, cash, 000000, 50, 1016
1550277941, 15/02/2019, 14:45:41, IGUA_001, cash, 000000, 100, 2010
1550277993, 15/02/2019, 14:46:33, IGUA_001, cash, 000000, 100, 2018
1550278044, 15/02/2019, 14:47:24, IGUA_001, cash, 000000, 100, 2016
1550278078, 15/02/2019, 14:47:58, IGUA_001, cash, 000000, 50, 1016
1550278467, 15/02/2019, 14:54:27, IGUA_001, cash, 000000, 20, 415
1550278503, 15/02/2019, 14:55:03, IGUA_001, cash, 000000, 10, 213
1550278736, 15/02/2019, 14:58:56, IGUA_001, cash, 000000, 100, 2016
1550280130, 15/02/2019, 15:22:10, IGUA_001, cash, 000000, 50, 1029
1550280170, 15/02/2019, 15:22:50, IGUA_001, cash, 000000, 50, 1011
1550280218, 15/02/2019, 15:23:38, IGUA_001, cash, 000000, 50, 1019
1550280253, 15/02/2019, 15:24:13, IGUA_001, cash, 000000, 50, 1017
1550281893, 15/02/2019, 15:51:33, IGUA_001, cash, 000000, 100, 2011
1550281940, 15/02/2019, 15:52:20, IGUA_001, cash, 000000, 50, 1030
1550282002, 15/02/2019, 15:53:22, IGUA_001, cash, 000000, 100, 2012
1550282034, 15/02/2019, 15:53:54, IGUA_001, cash, 000000, 10, 225
1550283434, 15/02/2019, 16:17:14, IGUA_001, cash, 000000, 10, 213
1550340563, 16/02/2019, 08:09:23, IGUA_001, cash, 000000, 50, 1040
1550340616, 16/02/2019, 08:10:16, IGUA_001, cash, 000000, 50, 1013
1550343993, 16/02/2019, 09:06:33, IGUA_001, cash, 000000, 10, 213
1550344105, 16/02/2019, 09:08:25, IGUA_001, cash, 000000, 100, 2029
1550344169, 16/02/2019, 09:09:29, IGUA_001, cash, 000000, 100, 2014
1550344229, 16/02/2019, 09:10:29, IGUA_001, cash, 000000, 100, 2013
1550344262, 16/02/2019, 09:11:02, IGUA_001, cash, 000000, 50, 1013
1550344826, 16/02/2019, 09:20:26, IGUA_001, cash, 000000, 100, 2014
1550344871, 16/02/2019, 09:21:11, IGUA_001, cash, 000000, 50, 1018
1550345998, 16/02/2019, 09:39:58, IGUA_001, cash, 000000, 100, 2012
1550346015, 16/02/2019, 09:40:15, IGUA_001, cash, 000000, 20, 412
1550346382, 16/02/2019, 09:46:22, IGUA_001, cash, 000000, 20, 416
1550348648, 16/02/2019, 10:24:08, IGUA_001, cash, 000000, 20, 411
1550348660, 16/02/2019, 10:24:20, IGUA_001, cash, 000000, 10, 213
1550351187, 16/02/2019, 11:06:27, IGUA_001, cash, 000000, 10, 210
1550351926, 16/02/2019, 11:18:46, IGUA_001, cash, 000000, 50, 1017
1550351940, 16/02/2019, 11:19:00, IGUA_001, cash, 000000, 10, 217
1550352605, 16/02/2019, 11:30:05, IGUA_001, cash, 000000, 150, 3031
1550352938, 16/02/2019, 11:35:38, IGUA_001, cash, 000000, 30, 614
1550353260, 16/02/2019, 11:41:00, IGUA_001, cash, 000000, 100, 2017
1550353327, 16/02/2019, 11:42:07, IGUA_001, cash, 000000, 100, 2031
1550353351, 16/02/2019, 11:42:31, IGUA_001, cash, 000000, 20, 418
1550353535, 16/02/2019, 11:45:35, IGUA_001, cash, 000000, 100, 2017
1550357078, 16/02/2019, 12:44:38, IGUA_001, cash, 000000, 50, 1017
1550357119, 16/02/2019, 12:45:19, IGUA_001, cash, 000000, 50, 1012
1550357230, 16/02/2019, 12:47:10, IGUA_001, cash, 000000, 50, 1016
1550357263, 16/02/2019, 12:47:43, IGUA_001, cash, 000000, 50, 1013
1550362026, 16/02/2019, 14:07:06, IGUA_001, cash, 000000, 50, 1108
1550363956, 16/02/2019, 14:39:16, IGUA_001, cash, 000000, 50, 1028
1550364954, 16/02/2019, 14:55:54, IGUA_001, cash, 000000, 100, 2040
1550365336, 16/02/2019, 15:02:16, IGUA_001, cash, 000000, 100, 2026
1550365414, 16/02/2019, 15:03:34, IGUA_001, cash, 000000, 100, 2013
1550365557, 16/02/2019, 15:05:57, IGUA_001, cash, 000000, 150, 3013
1550365612, 16/02/2019, 15:06:52, IGUA_001, cash, 000000, 50, 1017
1550365677, 16/02/2019, 15:07:57, IGUA_001, cash, 000000, 100, 2018
1550365696, 16/02/2019, 15:08:16, IGUA_001, cash, 000000, 20, 410
1550365779, 16/02/2019, 15:09:39, IGUA_001, cash, 000000, 100, 2014
1550365796, 16/02/2019, 15:09:56, IGUA_001, cash, 000000, 20, 413
1550365867, 16/02/2019, 15:11:07, IGUA_001, cash, 000000, 100, 2014
1550365943, 16/02/2019, 15:12:23, IGUA_001, cash, 000000, 100, 2026
1550366001, 16/02/2019, 15:13:21, IGUA_001, cash, 000000, 50, 1044
1550366044, 16/02/2019, 15:14:04, IGUA_001, cash, 000000, 50, 1045
1550366903, 16/02/2019, 15:28:23, IGUA_001, cash, 000000, 50, 1018
1550366953, 16/02/2019, 15:29:13, IGUA_001, cash, 000000, 50, 1026
1550367996, 16/02/2019, 15:46:36, IGUA_001, cash, 000000, 50, 1046
1550371453, 16/02/2019, 16:44:13, IGUA_001, cash, 000000, 50, 1012
1550371489, 16/02/2019, 16:44:49, IGUA_001, cash, 000000, 50, 1044
1550373709, 16/02/2019, 17:21:49, IGUA_001, cash, 000000, 100, 2014
1550373726, 16/02/2019, 17:22:06, IGUA_001, cash, 000000, 10, 219
1550375619, 16/02/2019, 17:53:40, IGUA_001, cash, 000000, 100, 2033
1550378109, 16/02/2019, 18:35:09, IGUA_001, cash, 000000, 30, 612
1550437072, 17/02/2019, 10:57:53, IGUA_001, cash, 000000, 100, 37
1550459668, 17/02/2019, 17:14:29, IGUA_001, cash, 000000, 10, 99
1550459812, 17/02/2019, 17:16:52, IGUA_001, cash, 000000, 100, 2055
1550459890, 17/02/2019, 17:18:10, IGUA_001, cash, 000000, 50, 1018
1550459917, 17/02/2019, 17:18:37, IGUA_001, cash, 000000, 20, 418
1550459927, 17/02/2019, 17:18:47, IGUA_001, cash, 000000, 10, 210
1550459937, 17/02/2019, 17:18:57, IGUA_001, cash, 000000, 10, 213
1550460273, 17/02/2019, 17:24:33, IGUA_001, cash, 000000, 100, 2011
1550460306, 17/02/2019, 17:25:06, IGUA_001, cash, 000000, 50, 1014
1550464032, 17/02/2019, 18:27:12, IGUA_001, cash, 000000, 100, 2012
1550464101, 17/02/2019, 18:28:21, IGUA_001, cash, 000000, 100, 2011
1550464169, 17/02/2019, 18:29:29, IGUA_001, cash, 000000, 100, 2013
1550466616, 17/02/2019, 19:10:16, IGUA_001, cash, 000000, 20, 411
1550466626, 17/02/2019, 19:10:26, IGUA_001, cash, 000000, 10, 256
